InputType,Size,Algorithm,Time_ms
Random,1000,Merge Sort,0.055
Random,1000,Quick Sort,0.040
Random,1000,Heap Sort,0.056
Sorted,1000,Merge Sort,0.027
Sorted,1000,Quick Sort,0.391
Sorted,1000,Heap Sort,0.043
Reverse,1000,Merge Sort,0.050
Reverse,1000,Quick Sort,0.343
Reverse,1000,Heap Sort,0.047
Random,5000,Merge Sort,0.305
Random,5000,Quick Sort,0.272
Random,5000,Heap Sort,0.325
Sorted,5000,Merge Sort,0.112
Sorted,5000,Quick Sort,10.123
Sorted,5000,Heap Sort,0.333
Reverse,5000,Merge Sort,0.140
Reverse,5000,Quick Sort,17.333
Reverse,5000,Heap Sort,0.292
Random,10000,Merge Sort,0.677
Random,10000,Quick Sort,0.531
Random,10000,Heap Sort,0.897
Sorted,10000,Merge Sort,0.307
Sorted,10000,Quick Sort,49.256
Sorted,10000,Heap Sort,0.637
Reverse,10000,Merge Sort,0.330
Reverse,10000,Quick Sort,44.044
Reverse,10000,Heap Sort,0.706
